Island number,Island name,Other Names,Province,Kabupaten,Kecamatan,Coordinate Degree,Coordinate Decimal,PPK URL
683,Jimase,"",SUMATERA UTARA,Kab. NIAS SELATAN,Hibala,"","0.07055555555555555,98.63527777777779",http://www.ppk-kp3k.kkp.go.id/direktori-pulau/index.php/public_c/pulau_info/683
759,Tofu,"",SUMATERA UTARA,Kab. NIAS SELATAN,Hibala,"","-0.38472222222222224,98.51972222222223",http://www.ppk-kp3k.kkp.go.id/direktori-pulau/index.php/public_c/pulau_info/759
294,SIMUK,"",SUMATERA UTARA,Kab. NIAS,PULAU-PULAU BATU,"","-0.0786111111111111,96.12722222222223",http://www.ppk-kp3k.kkp.go.id/direktori-pulau/index.php/public_c/pulau_info/294
684,Karanganjing,"",SUMATERA UTARA,Kab. NIAS SELATAN,Hibala,"","0.33194444444444443,98.57583333333334",http://www.ppk-kp3k.kkp.go.id/direktori-pulau/index.php/public_c/pulau_info/684
760,Tolong,"",SUMATERA UTARA,Kab. NIAS SELATAN,Hibala,"","0.03111111111111111,98.92944444444444",http://www.ppk-kp3k.kkp.go.id/direktori-pulau/index.php/public_c/pulau_info/760
685,Kasi,"",SUMATERA UTARA,Kab. NIAS SELATAN,Hibala,"","0.034999999999999996,98.62305555555555",http://www.ppk-kp3k.kkp.go.id/direktori-pulau/index.php/public_c/pulau_info/685
1196,Sambilan,"",SUMATERA UTARA,Kab. LANGKAT,"","","0.15555555555555556,98.25527777777778",http://www.ppk-kp3k.kkp.go.id/direktori-pulau/index.php/public_c/pulau_info/1196
686,Kasi Timur,"",SUMATERA UTARA,Kab. NIAS SELATAN,Pulau - pulau Batu,"","-0.09027777777777778,98.95027777777779",http://www.ppk-kp3k.kkp.go.id/direktori-pulau/index.php/public_c/pulau_info/686
1197,Selingkar,"",SUMATERA UTARA,Kab. LANGKAT,"","","0.0025,98.39416666666668",http://www.ppk-kp3k.kkp.go.id/direktori-pulau/index.php/public_c/pulau_info/1197
446,WUNGA,"",SUMATERA UTARA,Kab. NIAS UTARA,AFULU,"","1.2275,96.91361111111111",http://www.ppk-kp3k.kkp.go.id/direktori-pulau/index.php/public_c/pulau_info/446
1299,Simakonde,"",SUMATERA UTARA,Kab. NIAS SELATAN,"","","-0.3988888888888889,98.50888888888889",http://www.ppk-kp3k.kkp.go.id/direktori-pulau/index.php/public_c/pulau_info/1299
687,Katadok,"",SUMATERA UTARA,Kab. NIAS SELATAN,Hibala,"","0.0936111111111111,98.50527777777778",http://www.ppk-kp3k.kkp.go.id/direktori-pulau/index.php/public_c/pulau_info/687
764,Ular,"",SUMATERA UTARA,Kab. NIAS SELATAN,Hibala,"","0.08972222222222222,98.89611111111111",http://www.ppk-kp3k.kkp.go.id/direktori-pulau/index.php/public_c/pulau_info/764
688,Laga,"",SUMATERA UTARA,Kab. NIAS SELATAN,Hibala,"","0.03277777777777778,98.45861111111111",http://www.ppk-kp3k.kkp.go.id/direktori-pulau/index.php/public_c/pulau_info/688
689,Lajohene,"",SUMATERA UTARA,Kab. NIAS SELATAN,Hibala,"","0.04083333333333333,98.43583333333333",http://www.ppk-kp3k.kkp.go.id/direktori-pulau/index.php/public_c/pulau_info/689
766,Tulas,"",SUMATERA UTARA,Kab. SAMOSIR,Sianjur Mulamula,"","2.643611111111111,98.64527777777778",http://www.ppk-kp3k.kkp.go.id/direktori-pulau/index.php/public_c/pulau_info/766
690,Lalibo,"",SUMATERA UTARA,Kab. NIAS SELATAN,Hibala,"","-0.1113888888888889,98.51333333333334",http://www.ppk-kp3k.kkp.go.id/direktori-pulau/index.php/public_c/pulau_info/690
691,Latoega,"",SUMATERA UTARA,Kab. NIAS SELATAN,Hibala,"","-0.1725,98.56777777777778",http://www.ppk-kp3k.kkp.go.id/direktori-pulau/index.php/public_c/pulau_info/691
767,Malau Satu,"",SUMATERA UTARA,Kab. SAMOSIR,Simanindo,"","2.7630555555555554,98.74138888888889",http://www.ppk-kp3k.kkp.go.id/direktori-pulau/index.php/public_c/pulau_info/767
692,Lorang,"",SUMATERA UTARA,Kab. NIAS SELATAN,Pulau - pulau Batu,"","0.0008333333333333334,98.22361111111111",http://www.ppk-kp3k.kkp.go.id/direktori-pulau/index.php/public_c/pulau_info/692
768,Malau Dua,"",SUMATERA UTARA,Kab. SAMOSIR,Simanindo,"","2.757222222222222,98.74388888888889",http://www.ppk-kp3k.kkp.go.id/direktori-pulau/index.php/public_c/pulau_info/768
693,Lulua,"",SUMATERA UTARA,Kab. NIAS SELATAN,Pulau - pulau Batu,"","-0.026666666666666665,98.2575",http://www.ppk-kp3k.kkp.go.id/direktori-pulau/index.php/public_c/pulau_info/693
1208,Sikantan,"",SUMATERA UTARA,Kab. LABUHAN BATU,"","","0.5088888888888888,100.1613888888889",http://www.ppk-kp3k.kkp.go.id/direktori-pulau/index.php/public_c/pulau_info/1208
769,Samosir,"",SUMATERA UTARA,Kab. SAMOSIR,"","","2.602222222222222,98.80499999999999",http://www.ppk-kp3k.kkp.go.id/direktori-pulau/index.php/public_c/pulau_info/769
694,Maha,"",SUMATERA UTARA,Kab. NIAS SELATAN,Hibala,"","-0.10666666666666667,98.49027777777778",http://www.ppk-kp3k.kkp.go.id/direktori-pulau/index.php/public_c/pulau_info/694
770,Tolping,"",SUMATERA UTARA,Kab. SAMOSIR,Simanindo,"","2.7119444444444447,98.81277777777777",http://www.ppk-kp3k.kkp.go.id/direktori-pulau/index.php/public_c/pulau_info/770
453,BERHALA,"",SUMATERA UTARA,Kab. SERDANG BEDAGAI,TANJUNGBERINGIN,"","3.7733333333333334,98.50055555555555",http://www.ppk-kp3k.kkp.go.id/direktori-pulau/index.php/public_c/pulau_info/453
1210,Batuajung,"",SUMATERA UTARA,Kab. MANDAILING NATAL,"","","0.2202725,98.85892777777777",http://www.ppk-kp3k.kkp.go.id/direktori-pulau/index.php/public_c/pulau_info/1210
695,Maole Sabua,"",SUMATERA UTARA,Kab. NIAS SELATAN,"","","0.785,97.62666666666667",http://www.ppk-kp3k.kkp.go.id/direktori-pulau/index.php/public_c/pulau_info/695
771,sokongsiembang,"",SUMATERA UTARA,Kab. SERDANG BEDAGAI,Tanjung Beringin,"","3.7808333333333333,99.49166666666667",http://www.ppk-kp3k.kkp.go.id/direktori-pulau/index.php/public_c/pulau_info/771
1211,Batubaniang,"",SUMATERA UTARA,Kab. MANDAILING NATAL,"","","0.34888888888888886,99.11083333333333",http://www.ppk-kp3k.kkp.go.id/direktori-pulau/index.php/public_c/pulau_info/1211
696,Maole Sideide,"",SUMATERA UTARA,Kab. NIAS SELATAN,"","","0.7852777777777777,97.62583333333333",http://www.ppk-kp3k.kkp.go.id/direktori-pulau/index.php/public_c/pulau_info/696
772,Bangke,"",SUMATERA UTARA,KOTA SIBOLGA,Sibolga Utara,"","1.7169444444444446,98.76361111111112",http://www.ppk-kp3k.kkp.go.id/direktori-pulau/index.php/public_c/pulau_info/772
697,Maole Tengah,"",SUMATERA UTARA,Kab. NIAS SELATAN,"","","0.7602777777777778,97.63694444444445",http://www.ppk-kp3k.kkp.go.id/direktori-pulau/index.php/public_c/pulau_info/697
773,Sarudik,"",SUMATERA UTARA,KOTA SIBOLGA,Sibolga Sambas,"","1.7280555555555557,98.78027777777778",http://www.ppk-kp3k.kkp.go.id/direktori-pulau/index.php/public_c/pulau_info/773
1213,Baturusa Ketek,"",SUMATERA UTARA,Kab. MANDAILING NATAL,"","","0.8466666666666667,98.9713888888889",http://www.ppk-kp3k.kkp.go.id/direktori-pulau/index.php/public_c/pulau_info/1213
698,Maole Ujung,"",SUMATERA UTARA,Kab. NIAS SELATAN,"","","0.7305555555555555,97.64611111111111",http://www.ppk-kp3k.kkp.go.id/direktori-pulau/index.php/public_c/pulau_info/698
774,Ole,"",SUMATERA UTARA,Kab. SIMALUNGUN,"","","2.729722222222222,98.86444444444444",http://www.ppk-kp3k.kkp.go.id/direktori-pulau/index.php/public_c/pulau_info/774
699,Masa,"",SUMATERA UTARA,Kab. NIAS SELATAN,Hibala,"","-0.04555555555555556,98.4961111111111",http://www.ppk-kp3k.kkp.go.id/direktori-pulau/index.php/public_c/pulau_info/699
1214,Batutongga,"",SUMATERA UTARA,Kab. MANDAILING NATAL,"","","0.3472222222222222,99.10916666666667",http://www.ppk-kp3k.kkp.go.id/direktori-pulau/index.php/public_c/pulau_info/1214
1215,Batuubi,"",SUMATERA UTARA,Kab. MANDAILING NATAL,"","","0.3505555555555555,99.11277777777777",http://www.ppk-kp3k.kkp.go.id/direktori-pulau/index.php/public_c/pulau_info/1215
776,Bakar,"",SUMATERA UTARA,Kab. TAPANULI TENGAH,Baridi,"","1.5772222222222223,98.71777777777778",http://www.ppk-kp3k.kkp.go.id/direktori-pulau/index.php/public_c/pulau_info/776
1216,Baurusa Gadang,"",SUMATERA UTARA,Kab. MANDAILING NATAL,"","","0.8472222222222222,98.98833333333333",http://www.ppk-kp3k.kkp.go.id/direktori-pulau/index.php/public_c/pulau_info/1216
701,Memong,"",SUMATERA UTARA,Kab. NIAS SELATAN,Pulau - pulau Batu,"","0.050555555555555555,98.29861111111111",http://www.ppk-kp3k.kkp.go.id/direktori-pulau/index.php/public_c/pulau_info/701
1217,Buayo,"",SUMATERA UTARA,Kab. MANDAILING NATAL,"","","0.7620027777777778,99.04016805555555",http://www.ppk-kp3k.kkp.go.id/direktori-pulau/index.php/public_c/pulau_info/1217
1218,Gadang,"",SUMATERA UTARA,Kab. MANDAILING NATAL,"","","0.7649461111111111,99.03769388888888",http://www.ppk-kp3k.kkp.go.id/direktori-pulau/index.php/public_c/pulau_info/1218
778,Bangke,"",SUMATERA UTARA,Kab. TAPANULI TENGAH,Tapian Nauli,"","1.6763888888888887,98.54694444444445",http://www.ppk-kp3k.kkp.go.id/direktori-pulau/index.php/public_c/pulau_info/778
703,Nujagia,"",SUMATERA UTARA,Kab. NIAS SELATAN,Hibala,"","-0.4772222222222222,98.51861111111111",http://www.ppk-kp3k.kkp.go.id/direktori-pulau/index.php/public_c/pulau_info/703
1219,Ilik,"",SUMATERA UTARA,Kab. MANDAILING NATAL,"","","0.2702777777777778,98.82194444444444",http://www.ppk-kp3k.kkp.go.id/direktori-pulau/index.php/public_c/pulau_info/1219
779,Batuhitam,"",SUMATERA UTARA,Kab. TAPANULI TENGAH,Tapian Nauli,"","1.6813888888888888,98.53861111111111",http://www.ppk-kp3k.kkp.go.id/direktori-pulau/index.php/public_c/pulau_info/779
1220,Ingawan,"",SUMATERA UTARA,Kab. MANDAILING NATAL,"","","0.7786111111111111,99.00611111111111",http://www.ppk-kp3k.kkp.go.id/direktori-pulau/index.php/public_c/pulau_info/1220
780,Batulayar,"",SUMATERA UTARA,Kab. TAPANULI TENGAH,Tapian Nauli,"","1.5647222222222223,98.5736111111111",http://www.ppk-kp3k.kkp.go.id/direktori-pulau/index.php/public_c/pulau_info/780
705,Nujakali,"",SUMATERA UTARA,Kab. NIAS SELATAN,Pulau - pulau Batu,"","-0.10777777777777778,98.28861111111111",http://www.ppk-kp3k.kkp.go.id/direktori-pulau/index.php/public_c/pulau_info/705
1221,Kaderui,"",SUMATERA UTARA,Kab. MANDAILING NATAL,"","","0.7672222222222222,99.04333333333334",http://www.ppk-kp3k.kkp.go.id/direktori-pulau/index.php/public_c/pulau_info/1221
781,Batumandi,"",SUMATERA UTARA,Kab. TAPANULI TENGAH,Tapian Nauli,"","1.5644444444444445,98.57333333333332",http://www.ppk-kp3k.kkp.go.id/direktori-pulau/index.php/public_c/pulau_info/781
1330,Salahnama,"",SUMATERA UTARA,Kab. BATU BARA,"","3020'32,442","",http://www.ppk-kp3k.kkp.go.id/direktori-pulau/index.php/public_c/pulau_info/1330
1222,Kapecong,"",SUMATERA UTARA,Kab. MANDAILING NATAL,"","","0.6444683333333333,99.04464666666667",http://www.ppk-kp3k.kkp.go.id/direktori-pulau/index.php/public_c/pulau_info/1222
782,Dundun,"",SUMATERA UTARA,Kab. TAPANULI TENGAH,Barus,"","1.8458333333333334,98.02694444444444",http://www.ppk-kp3k.kkp.go.id/direktori-pulau/index.php/public_c/pulau_info/782
1332,Alifa,"",SUMATERA UTARA,Kab. NIAS UTARA,"","","0.45465694444444443,97.25419416666666",http://www.ppk-kp3k.kkp.go.id/direktori-pulau/index.php/public_c/pulau_info/1332
1223,Karonggo,"",SUMATERA UTARA,Kab. MANDAILING NATAL,"","","0.2677777777777778,99.14916666666667",http://www.ppk-kp3k.kkp.go.id/direktori-pulau/index.php/public_c/pulau_info/1223
783,Jambe,"",SUMATERA UTARA,Kab. TAPANULI TENGAH,Tapian Nauli,"","1.6541666666666666,98.51305555555555",http://www.ppk-kp3k.kkp.go.id/direktori-pulau/index.php/public_c/pulau_info/783
1224,Ketek,"",SUMATERA UTARA,Kab. MANDAILING NATAL,"","","0.7742622222222223,99.03912527777777",http://www.ppk-kp3k.kkp.go.id/direktori-pulau/index.php/public_c/pulau_info/1224
1333,Ganeu,"",SUMATERA UTARA,Kab. NIAS UTARA,"","","0.4063888888888889,97.19861111111112",http://www.ppk-kp3k.kkp.go.id/direktori-pulau/index.php/public_c/pulau_info/1333
784,Janggi,"",SUMATERA UTARA,Kab. TAPANULI TENGAH,Tapian Nauli,"","1.6419444444444444,98.60249999999999",http://www.ppk-kp3k.kkp.go.id/direktori-pulau/index.php/public_c/pulau_info/784
1225,Labu,"",SUMATERA UTARA,Kab. MANDAILING NATAL,"","","0.8605555555555555,98.94416666666667",http://www.ppk-kp3k.kkp.go.id/direktori-pulau/index.php/public_c/pulau_info/1225
785,Kalimantung Nagodang,"",SUMATERA UTARA,Kab. TAPANULI TENGAH,Tapian Nauli,"","1.573888888888889,98.52944444444444",http://www.ppk-kp3k.kkp.go.id/direktori-pulau/index.php/public_c/pulau_info/785
1334,Gitô,"",SUMATERA UTARA,Kab. NIAS UTARA,"","","0.417205,97.22673305555556",http://www.ppk-kp3k.kkp.go.id/direktori-pulau/index.php/public_c/pulau_info/1334
1226,Marompak,"",SUMATERA UTARA,Kab. MANDAILING NATAL,"","","0.8872222222222222,98.90194444444445",http://www.ppk-kp3k.kkp.go.id/direktori-pulau/index.php/public_c/pulau_info/1226
786,Kalimantung Namenek,"",SUMATERA UTARA,Kab. TAPANULI TENGAH,Tapian Nauli,"","1.573888888888889,98.52944444444444",http://www.ppk-kp3k.kkp.go.id/direktori-pulau/index.php/public_c/pulau_info/786
1227,Palintangan,"",SUMATERA UTARA,Kab. MANDAILING NATAL,"","","0.7108333333333333,99.04916666666666",http://www.ppk-kp3k.kkp.go.id/direktori-pulau/index.php/public_c/pulau_info/1227
1335,Goso,"",SUMATERA UTARA,Kab. NIAS UTARA,"","","0.42833333333333334,97.24027777777778",http://www.ppk-kp3k.kkp.go.id/direktori-pulau/index.php/public_c/pulau_info/1335
787,Karang,"",SUMATERA UTARA,Kab. TAPANULI TENGAH,Barus,"","1.9730555555555558,98.35249999999999",http://www.ppk-kp3k.kkp.go.id/direktori-pulau/index.php/public_c/pulau_info/787
1228,Rubiah,"",SUMATERA UTARA,Kab. MANDAILING NATAL,"","","0.2637888888888889,99.13653805555556",http://www.ppk-kp3k.kkp.go.id/direktori-pulau/index.php/public_c/pulau_info/1228
1336,Gosobaohi,"",SUMATERA UTARA,Kab. NIAS UTARA,"","","0.42837416666666667,97.17107083333333",http://www.ppk-kp3k.kkp.go.id/direktori-pulau/index.php/public_c/pulau_info/1336
788,Karang Jambe,"",SUMATERA UTARA,Kab. TAPANULI TENGAH,Tapian Nauli,"","1.573888888888889,98.52944444444444",http://www.ppk-kp3k.kkp.go.id/direktori-pulau/index.php/public_c/pulau_info/788
1229,Sadakah,"",SUMATERA UTARA,Kab. MANDAILING NATAL,"","","0.8616666666666667,98.94972222222222",http://www.ppk-kp3k.kkp.go.id/direktori-pulau/index.php/public_c/pulau_info/1229
713,Nujalalai ,"",SUMATERA UTARA,Kab. NIAS SELATAN,Tim Nasional Pembakuan Nama Rupabumi tahun 2007,"","-0.3288888888888889,98.51861111111111",http://www.ppk-kp3k.kkp.go.id/direktori-pulau/index.php/public_c/pulau_info/713
307,Babi,"",SUMATERA UTARA,KOTA SIBOLGA,Tapian Nauli,"","",http://www.ppk-kp3k.kkp.go.id/direktori-pulau/index.php/public_c/pulau_info/307
789,Lipan,"",SUMATERA UTARA,Kab. TAPANULI TENGAH,Manduamas,"","2.12,98.16222222222223",http://www.ppk-kp3k.kkp.go.id/direktori-pulau/index.php/public_c/pulau_info/789
1337,Gosoene,"",SUMATERA UTARA,Kab. NIAS UTARA,"","","0.4295638888888889,97.2582738888889",http://www.ppk-kp3k.kkp.go.id/direktori-pulau/index.php/public_c/pulau_info/1337
714,Nujambolo,"",SUMATERA UTARA,Kab. NIAS SELATAN,Hibala,"","-0.395,98.53361111111111",http://www.ppk-kp3k.kkp.go.id/direktori-pulau/index.php/public_c/pulau_info/714
1230,Taluo,"",SUMATERA UTARA,Kab. MANDAILING NATAL,"","","0.7338888888888888,99.02555555555556",http://www.ppk-kp3k.kkp.go.id/direktori-pulau/index.php/public_c/pulau_info/1230
1338,Gosolahewa,"",SUMATERA UTARA,Kab. NIAS UTARA,"","","0.41833333333333333,97.17472222222223",http://www.ppk-kp3k.kkp.go.id/direktori-pulau/index.php/public_c/pulau_info/1338
790,Lipatkain,"",SUMATERA UTARA,Kab. TAPANULI TENGAH,Badiri,"","1.5688888888888888,98.71861111111112",http://www.ppk-kp3k.kkp.go.id/direktori-pulau/index.php/public_c/pulau_info/790
715,Nujaohi,"",SUMATERA UTARA,Kab. NIAS SELATAN,Pulau - pulau Batu,"","-0.11,98.28861111111111",http://www.ppk-kp3k.kkp.go.id/direktori-pulau/index.php/public_c/pulau_info/715
1231,Tamang,"",SUMATERA UTARA,Kab. MANDAILING NATAL,"","","0.365,99.09805555555555",http://www.ppk-kp3k.kkp.go.id/direktori-pulau/index.php/public_c/pulau_info/1231
791,Mangkir Gadang,Mangkir Besar,SUMATERA UTARA,Kab. TAPANULI TENGAH,Manduamas,"","2.1469444444444443,98.12472222222222",http://www.ppk-kp3k.kkp.go.id/direktori-pulau/index.php/public_c/pulau_info/791
1339,Gosouma,"",SUMATERA UTARA,Kab. NIAS UTARA,"","","0.46361111111111114,97.20111111111112",http://www.ppk-kp3k.kkp.go.id/direktori-pulau/index.php/public_c/pulau_info/1339
716,Owo,"",SUMATERA UTARA,Kab. NIAS SELATAN,Pulau - pulau Batu,"","0.115,98.28416666666666",http://www.ppk-kp3k.kkp.go.id/direktori-pulau/index.php/public_c/pulau_info/716
1232,Tangah,"",SUMATERA UTARA,Kab. MANDAILING NATAL,"","","0.8755811111111111,98.92164583333334",http://www.ppk-kp3k.kkp.go.id/direktori-pulau/index.php/public_c/pulau_info/1232
1340,Kao,"",SUMATERA UTARA,Kab. NIAS UTARA,"","","0.4227777777777778,97.26555555555555",http://www.ppk-kp3k.kkp.go.id/direktori-pulau/index.php/public_c/pulau_info/1340
717,Pentamuan,"",SUMATERA UTARA,Kab. NIAS SELATAN,Pulau - pulau Batu,"","",http://www.ppk-kp3k.kkp.go.id/direktori-pulau/index.php/public_c/pulau_info/717
310,Bintanah,"",SUMATERA UTARA,Kab. NIAS,"","","",http://www.ppk-kp3k.kkp.go.id/direktori-pulau/index.php/public_c/pulau_info/310
792,Mangkir Ketek,Mangkir Kecil,SUMATERA UTARA,Kab. TAPANULI TENGAH,Manduamas,"","2.1405555555555553,98.14361111111111",http://www.ppk-kp3k.kkp.go.id/direktori-pulau/index.php/public_c/pulau_info/792
718,Pinang,"",SUMATERA UTARA,Kab. NIAS SELATAN,Hibala,"","-0.14333333333333334,98.52388888888889",http://www.ppk-kp3k.kkp.go.id/direktori-pulau/index.php/public_c/pulau_info/718
311,Buaya,"",SUMATERA UTARA,KOTA TANJUNG BALAI,Teluk Nibung,"","",http://www.ppk-kp3k.kkp.go.id/direktori-pulau/index.php/public_c/pulau_info/311
793,Mursala,"",SUMATERA UTARA,Kab. TAPANULI TENGAH,Tapian Nauli,"","1.6375,98.52583333333334",http://www.ppk-kp3k.kkp.go.id/direktori-pulau/index.php/public_c/pulau_info/793
1341,Lafau,"",SUMATERA UTARA,Kab. NIAS UTARA,"","","0.42250000000000004,97.21833333333333",http://www.ppk-kp3k.kkp.go.id/direktori-pulau/index.php/public_c/pulau_info/1341
312,Panjang,"",SUMATERA UTARA,Kab. TAPANULI TENGAH,Manduamas,"","",http://www.ppk-kp3k.kkp.go.id/direktori-pulau/index.php/public_c/pulau_info/312
794,Pane,"",SUMATERA UTARA,Kab. TAPANULI TENGAH,Sosor Gadong,"","1.9375,98.49833333333333",http://www.ppk-kp3k.kkp.go.id/direktori-pulau/index.php/public_c/pulau_info/794
1342,Makora,"",SUMATERA UTARA,Kab. NIAS UTARA,"","","0.4405555555555556,97.23055555555555",http://www.ppk-kp3k.kkp.go.id/direktori-pulau/index.php/public_c/pulau_info/1342
795,Porlak,"",SUMATERA UTARA,Kab. TAPANULI TENGAH,Tapian Nauli,"","1.77,98.74166666666667",http://www.ppk-kp3k.kkp.go.id/direktori-pulau/index.php/public_c/pulau_info/795
1343,Mao,"",SUMATERA UTARA,Kab. NIAS UTARA,"","","0.41611111111111115,97.23166666666667",http://www.ppk-kp3k.kkp.go.id/direktori-pulau/index.php/public_c/pulau_info/1343
313,Poncan Gadang,"",SUMATERA UTARA,KOTA SIBOLGA,"","","",http://www.ppk-kp3k.kkp.go.id/direktori-pulau/index.php/public_c/pulau_info/313
1344,Mause,"",SUMATERA UTARA,Kab. NIAS UTARA,"","","0.35638888888888887,97.10555555555555",http://www.ppk-kp3k.kkp.go.id/direktori-pulau/index.php/public_c/pulau_info/1344
796,Pune,"",SUMATERA UTARA,Kab. TAPANULI TENGAH,Tapian Nauli,"","1.6616666666666666,98.58388888888888",http://www.ppk-kp3k.kkp.go.id/direktori-pulau/index.php/public_c/pulau_info/796
314,Poncan Ketek,"",SUMATERA UTARA,KOTA SIBOLGA,"","","",http://www.ppk-kp3k.kkp.go.id/direktori-pulau/index.php/public_c/pulau_info/314
797,Puti,"",SUMATERA UTARA,Kab. TAPANULI TENGAH,Tapian Nauli,"","1.645,98.5975",http://www.ppk-kp3k.kkp.go.id/direktori-pulau/index.php/public_c/pulau_info/797
1345,Sarangbaung,"",SUMATERA UTARA,Kab. NIAS UTARA,"","","0.6994444444444444,97.44555555555556",http://www.ppk-kp3k.kkp.go.id/direktori-pulau/index.php/public_c/pulau_info/1345
315,Tuantahir,"",SUMATERA UTARA,Kab. ASAHAN,"","","",http://www.ppk-kp3k.kkp.go.id/direktori-pulau/index.php/public_c/pulau_info/315
798,Silabulabu Godang,Silabulabu Besar,SUMATERA UTARA,Kab. TAPANULI TENGAH,Tapian Nauli,"","1.5733333333333333,98.58555555555554",http://www.ppk-kp3k.kkp.go.id/direktori-pulau/index.php/public_c/pulau_info/798
1346,Senau,"",SUMATERA UTARA,Kab. NIAS UTARA,"","","0.4608333333333333,97.24583333333334",http://www.ppk-kp3k.kkp.go.id/direktori-pulau/index.php/public_c/pulau_info/1346
316,Pandang,"",SUMATERA UTARA,Kab. BATU BARA,TANJUNG TIRAM,"","3.4213888888888886,99.7575",http://www.ppk-kp3k.kkp.go.id/direktori-pulau/index.php/public_c/pulau_info/316
799,Silabulabu Namenek,Silabulabu Kecil,SUMATERA UTARA,Kab. TAPANULI TENGAH,Tapian Nauli,"","1.5805555555555555,98.6086111111111",http://www.ppk-kp3k.kkp.go.id/direktori-pulau/index.php/public_c/pulau_info/799
724,Pini,"",SUMATERA UTARA,Kab. NIAS SELATAN,Hibala,"","0.1288888888888889,98.70055555555555",http://www.ppk-kp3k.kkp.go.id/direktori-pulau/index.php/public_c/pulau_info/724
1347,Sideide,"",SUMATERA UTARA,Kab. NIAS UTARA,"","","0.46560111111111113,97.21070777777778",http://www.ppk-kp3k.kkp.go.id/direktori-pulau/index.php/public_c/pulau_info/1347
800,Pulau Sitaban Barat,"",SUMATERA UTARA,Kab. TAPANULI TENGAH,Tapian Nauli,"","1.597777777777778,98.5761111111111",http://www.ppk-kp3k.kkp.go.id/direktori-pulau/index.php/public_c/pulau_info/800
317,Simamora,"",SUMATERA UTARA,Kab. HUMBANG HASUNDUTAN,Baktiraja,"","",http://www.ppk-kp3k.kkp.go.id/direktori-pulau/index.php/public_c/pulau_info/317
1348,Taliwa'a,"",SUMATERA UTARA,Kab. NIAS UTARA,"","","0.42830361111111115,97.2432838888889",http://www.ppk-kp3k.kkp.go.id/direktori-pulau/index.php/public_c/pulau_info/1348
725,Pono,"",SUMATERA UTARA,Kab. NIAS SELATAN,Pulau - pulau Batu,"","-0.10472222222222223,98.31027777777777",http://www.ppk-kp3k.kkp.go.id/direktori-pulau/index.php/public_c/pulau_info/725
801,Situngkus,"",SUMATERA UTARA,Kab. TAPANULI TENGAH,Pandan,"","1.5872222222222223,98.69722222222222",http://www.ppk-kp3k.kkp.go.id/direktori-pulau/index.php/public_c/pulau_info/801
1349,Uma,"",SUMATERA UTARA,Kab. NIAS UTARA,"","","0.25434083333333335,97.23488944444445",http://www.ppk-kp3k.kkp.go.id/direktori-pulau/index.php/public_c/pulau_info/1349
726,Samaleko,"",SUMATERA UTARA,Kab. NIAS SELATAN,Pulau - pulau Batu,"","-0.2336111111111111,98.4038888888889",http://www.ppk-kp3k.kkp.go.id/direktori-pulau/index.php/public_c/pulau_info/726
318,Burung,"",SUMATERA UTARA,Kab. LABUHAN BATU UTARA,KUALUH HILIR,"","",http://www.ppk-kp3k.kkp.go.id/direktori-pulau/index.php/public_c/pulau_info/318
802,Sorkam,"",SUMATERA UTARA,Kab. TAPANULI TENGAH,Sorkam Barat,"","1.8519444444444446,98.54638888888888",http://www.ppk-kp3k.kkp.go.id/direktori-pulau/index.php/public_c/pulau_info/802
803,Talam,"",SUMATERA UTARA,Kab. TAPANULI TENGAH,Tapian Nauli,"","1.6188888888888888,98.58777777777777",http://www.ppk-kp3k.kkp.go.id/direktori-pulau/index.php/public_c/pulau_info/803
1353,Bawa,"",SUMATERA UTARA,Kab. NIAS BARAT,"","","0.8252777777777778,97.34833333333333",http://www.ppk-kp3k.kkp.go.id/direktori-pulau/index.php/public_c/pulau_info/1353
319,Batuah,"",SUMATERA UTARA,Kab. LABUHAN BATU,KUALUH HILIR,"","",http://www.ppk-kp3k.kkp.go.id/direktori-pulau/index.php/public_c/pulau_info/319
1174,Porlak,"",SUMATERA UTARA,Kab. TAPANULI TENGAH,"","","0.77,98.74166666666667",http://www.ppk-kp3k.kkp.go.id/direktori-pulau/index.php/public_c/pulau_info/1174
727,Sambulale,"",SUMATERA UTARA,Kab. NIAS SELATAN,Hibala,"","0.049444444444444444,98.93",http://www.ppk-kp3k.kkp.go.id/direktori-pulau/index.php/public_c/pulau_info/727
804,Tarida,"",SUMATERA UTARA,Kab. TAPANULI TENGAH,Tapian Nauli,"","1.5788888888888888,98.60111111111111",http://www.ppk-kp3k.kkp.go.id/direktori-pulau/index.php/public_c/pulau_info/804
320,Harapan Cincin,"",SUMATERA UTARA,Kab. LABUHAN BATU,KUALUH HILIR,"","",http://www.ppk-kp3k.kkp.go.id/direktori-pulau/index.php/public_c/pulau_info/320
728,Sapuraga,"",SUMATERA UTARA,Kab. NIAS SELATAN,Pulau - pulau Batu,"","-0.05388888888888889,98.29055555555556",http://www.ppk-kp3k.kkp.go.id/direktori-pulau/index.php/public_c/pulau_info/728
655,Adam,"",SUMATERA UTARA,Kab. NIAS SELATAN,Hibala,"","0.021111111111111112,98.45138888888889",http://www.ppk-kp3k.kkp.go.id/direktori-pulau/index.php/public_c/pulau_info/655
805,Tarida Menek,"",SUMATERA UTARA,Kab. TAPANULI TENGAH,Tapian Nauli,"","1.5769444444444445,98.60166666666666",http://www.ppk-kp3k.kkp.go.id/direktori-pulau/index.php/public_c/pulau_info/805
1354,Bogi,"",SUMATERA UTARA,Kab. NIAS BARAT,"","","0.8541666666666666,97.37444444444444",http://www.ppk-kp3k.kkp.go.id/direktori-pulau/index.php/public_c/pulau_info/1354
321,Ongah Labuhan,"",SUMATERA UTARA,Kab. LABUHAN BATU,KUALUH HILIR,"","",http://www.ppk-kp3k.kkp.go.id/direktori-pulau/index.php/public_c/pulau_info/321
729,Sibaranu,"",SUMATERA UTARA,Kab. NIAS SELATAN,Pulau - pulau Batu,"","-0.10277777777777779,98.285",http://www.ppk-kp3k.kkp.go.id/direktori-pulau/index.php/public_c/pulau_info/729
806,Ungge,"",SUMATERA UTARA,Kab. TAPANULI TENGAH,Badiri,"","1.5747222222222221,98.75916666666667",http://www.ppk-kp3k.kkp.go.id/direktori-pulau/index.php/public_c/pulau_info/806
1355,Fari'i,"",SUMATERA UTARA,Kab. NIAS BARAT,"","","0.8844444444444444,97.5436111111111",http://www.ppk-kp3k.kkp.go.id/direktori-pulau/index.php/public_c/pulau_info/1355
656,Makole,"",SUMATERA UTARA,Kab. NIAS SELATAN,Hibala,"","-0.26694444444444443,98.38527777777779",http://www.ppk-kp3k.kkp.go.id/direktori-pulau/index.php/public_c/pulau_info/656
322,Juragan,"",SUMATERA UTARA,Kab. LABUHAN BATU,KUALUH HILIR,"","",http://www.ppk-kp3k.kkp.go.id/direktori-pulau/index.php/public_c/pulau_info/322
807,Sibandang,"",SUMATERA UTARA,Kab. TAPANULI UTARA,Muara,"
	02° 21' 36"" LU dan 98° 54' 0"" LS
","",http://www.ppk-kp3k.kkp.go.id/direktori-pulau/index.php/public_c/pulau_info/807
1356,Hamutala,"",SUMATERA UTARA,Kab. NIAS BARAT,"","","0.8394444444444444,97.37972222222221",http://www.ppk-kp3k.kkp.go.id/direktori-pulau/index.php/public_c/pulau_info/1356
1179,Sitaban Barat,"",SUMATERA UTARA,Kab. TAPANULI TENGAH,"","","0.6001638888888888,98.57417638888889",http://www.ppk-kp3k.kkp.go.id/direktori-pulau/index.php/public_c/pulau_info/1179
657,Tello,"",SUMATERA UTARA,Kab. NIAS SELATAN,Pulau-Pulau Batu,"","-0.05777777777777778,98.28194444444445",http://www.ppk-kp3k.kkp.go.id/direktori-pulau/index.php/public_c/pulau_info/657
730,Sibele,"",SUMATERA UTARA,Kab. NIAS SELATAN,Pulau - pulau Batu,"","-0.03888888888888889,98.25694444444444",http://www.ppk-kp3k.kkp.go.id/direktori-pulau/index.php/public_c/pulau_info/730
323,Porling,"",SUMATERA UTARA,Kab. LABUHAN BATU,KUALUH HILIR,"","",http://www.ppk-kp3k.kkp.go.id/direktori-pulau/index.php/public_c/pulau_info/323
1357,Heruwanga,"",SUMATERA UTARA,Kab. NIAS BARAT,"","","0.8666666666666667,97.28666666666666",http://www.ppk-kp3k.kkp.go.id/direktori-pulau/index.php/public_c/pulau_info/1357
324,Sarimas,"",SUMATERA UTARA,Kab. LABUHAN BATU,KUALUH HILIR,"","",http://www.ppk-kp3k.kkp.go.id/direktori-pulau/index.php/public_c/pulau_info/324
658,Marit,"",SUMATERA UTARA,Kab. NIAS SELATAN,Pulau-pulau Batu Utara,"","-0.005222222222222223,98.24641666666666",http://www.ppk-kp3k.kkp.go.id/direktori-pulau/index.php/public_c/pulau_info/658
1358,Hinako,"",SUMATERA UTARA,Kab. NIAS BARAT,"","","0.8677777777777778,97.34333333333333",http://www.ppk-kp3k.kkp.go.id/direktori-pulau/index.php/public_c/pulau_info/1358
732,Sifanana Sebua,"",SUMATERA UTARA,Kab. NIAS SELATAN,Hibala,"","-0.18777777777777777,98.51805555555555",http://www.ppk-kp3k.kkp.go.id/direktori-pulau/index.php/public_c/pulau_info/732
325,Sikantan,"",SUMATERA UTARA,Kab. LABUHAN BATU,PANAI TENGAH,"","",http://www.ppk-kp3k.kkp.go.id/direktori-pulau/index.php/public_c/pulau_info/325
1359,Imana,"",SUMATERA UTARA,Kab. NIAS BARAT,"","","0.8522222222222222,97.32055555555556",http://www.ppk-kp3k.kkp.go.id/direktori-pulau/index.php/public_c/pulau_info/1359
811,Bugeisigoiso,"",SUMATERA UTARA,Kab. KEPULAUAN MENTAWAI,Siberut Tengah,"","-1.495,99.18361111111112",http://www.ppk-kp3k.kkp.go.id/direktori-pulau/index.php/public_c/pulau_info/811
326,Kampai,"",SUMATERA UTARA,Kab. LANGKAT,PANGKALAN SUSU,"","",http://www.ppk-kp3k.kkp.go.id/direktori-pulau/index.php/public_c/pulau_info/326
659,Asu,"",SUMATERA UTARA,Kab. NIAS SELATAN,Pulau - pulau Batu,"","-0.11027777777777778,98.28472222222221",http://www.ppk-kp3k.kkp.go.id/direktori-pulau/index.php/public_c/pulau_info/659
1360,Langu,"",SUMATERA UTARA,Kab. NIAS BARAT,"","","0.8797222222222223,97.37249999999999",http://www.ppk-kp3k.kkp.go.id/direktori-pulau/index.php/public_c/pulau_info/1360
734,Sifanana Sideide,"",SUMATERA UTARA,Kab. NIAS SELATAN,Hibala,"","-0.17638888888888887,98.50805555555556",http://www.ppk-kp3k.kkp.go.id/direktori-pulau/index.php/public_c/pulau_info/734
660,Bais,"",SUMATERA UTARA,Kab. NIAS SELATAN,Hibala,"
	000 03' 08'' LU dan 98° 12' 52'' BT
","",http://www.ppk-kp3k.kkp.go.id/direktori-pulau/index.php/public_c/pulau_info/660
1361,Lawandra,"",SUMATERA UTARA,Kab. NIAS BARAT,"","","0.9199999999999999,97.43083333333334",http://www.ppk-kp3k.kkp.go.id/direktori-pulau/index.php/public_c/pulau_info/1361
1267,Lalibo,"",SUMATERA UTARA,Kab. NIAS SELATAN,"","","-0.1113888888888889,98.51333333333334",http://www.ppk-kp3k.kkp.go.id/direktori-pulau/index.php/public_c/pulau_info/1267
661,Balikhi,"",SUMATERA UTARA,Kab. NIAS SELATAN,Pulau - pulau Batu,"","0.021111111111111112,98.21444444444445",http://www.ppk-kp3k.kkp.go.id/direktori-pulau/index.php/public_c/pulau_info/661
1362,Siite,"",SUMATERA UTARA,Kab. NIAS BARAT,"","","0.9331827777777777,97.42819833333334",http://www.ppk-kp3k.kkp.go.id/direktori-pulau/index.php/public_c/pulau_info/1362
741,Sigolonggolong,"",SUMATERA UTARA,Kab. NIAS SELATAN,Hibala,"","-0.5319444444444444,98.5025",http://www.ppk-kp3k.kkp.go.id/direktori-pulau/index.php/public_c/pulau_info/741
662,Balogiasite,"",SUMATERA UTARA,Kab. NIAS SELATAN,Pulau - pulau Batu,"","-0.09444444444444444,98.36027777777777",http://www.ppk-kp3k.kkp.go.id/direktori-pulau/index.php/public_c/pulau_info/662
737,Sigata,"",SUMATERA UTARA,Kab. NIAS SELATAN,Pulau - pulau Batu,"","-0.12361111111111112,98.19500000000001",http://www.ppk-kp3k.kkp.go.id/direktori-pulau/index.php/public_c/pulau_info/737
328,Panjang,"",SUMATERA UTARA,Kab. LANGKAT,PANGKALAN SUSU,"","",http://www.ppk-kp3k.kkp.go.id/direktori-pulau/index.php/public_c/pulau_info/328
663,Baohi,"",SUMATERA UTARA,Kab. NIAS SELATAN,Pulau - pulau Batu,"","-0.052222222222222225,98.32416666666666",http://www.ppk-kp3k.kkp.go.id/direktori-pulau/index.php/public_c/pulau_info/663
1188,Musi,"",SUMATERA UTARA,Kab. NIAS,"","","0.07972222222222222,97.92972222222222",http://www.ppk-kp3k.kkp.go.id/direktori-pulau/index.php/public_c/pulau_info/1188
329,Rawa,"",SUMATERA UTARA,Kab. LANGKAT,PANGKALAN SUSU,"","",http://www.ppk-kp3k.kkp.go.id/direktori-pulau/index.php/public_c/pulau_info/329
664,Barogan,"",SUMATERA UTARA,Kab. NIAS SELATAN,Hibala,"","0.30972222222222223,98.40944444444445",http://www.ppk-kp3k.kkp.go.id/direktori-pulau/index.php/public_c/pulau_info/664
1189,Onolimbu,"",SUMATERA UTARA,Kab. NIAS,"","","0.07555555555555556,97.9038888888889",http://www.ppk-kp3k.kkp.go.id/direktori-pulau/index.php/public_c/pulau_info/1189
1190,Zôma Sebua,"",SUMATERA UTARA,Kab. NIAS,"","","0.0245475,97.95467472222222",http://www.ppk-kp3k.kkp.go.id/direktori-pulau/index.php/public_c/pulau_info/1190
665,Basake Sideide,"",SUMATERA UTARA,Kab. NIAS SELATAN,Hibala,"
	00° 00' 47'' LU dan 980 36' 41"" BT
","",http://www.ppk-kp3k.kkp.go.id/direktori-pulau/index.php/public_c/pulau_info/665
1191,Zôma Siideide,"",SUMATERA UTARA,Kab. NIAS,"","","0.0225,97.96555555555555",http://www.ppk-kp3k.kkp.go.id/direktori-pulau/index.php/public_c/pulau_info/1191
742,Simakonde,"",SUMATERA UTARA,Kab. NIAS SELATAN,Hibala,"","-0.3988888888888889,98.50888888888889",http://www.ppk-kp3k.kkp.go.id/direktori-pulau/index.php/public_c/pulau_info/742
666,Basake Sebua,"",SUMATERA UTARA,Kab. NIAS SELATAN,Hibala,"
	00° 01' 10'' LU dan 980 38' 34"" BT
","",http://www.ppk-kp3k.kkp.go.id/direktori-pulau/index.php/public_c/pulau_info/666
743,Simondang,"",SUMATERA UTARA,Kab. NIAS SELATAN,Pulau - pulau Batu,"","-0.17055555555555554,98.41055555555556",http://www.ppk-kp3k.kkp.go.id/direktori-pulau/index.php/public_c/pulau_info/743
667,Batu,"",SUMATERA UTARA,Kab. NIAS SELATAN,Pulau - pulau Batu,"
	00° 00' 18'' LU dan 980 14' 59"" BT
","",http://www.ppk-kp3k.kkp.go.id/direktori-pulau/index.php/public_c/pulau_info/667
744,Sipika,"",SUMATERA UTARA,Kab. NIAS SELATAN,Pulau - pulau Batu,"","-0.11055555555555556,98.3275",http://www.ppk-kp3k.kkp.go.id/direktori-pulau/index.php/public_c/pulau_info/744
668,Batuapi Sebua,"",SUMATERA UTARA,Kab. NIAS SELATAN,Hibala,"","0.30666666666666664,98.40805555555556",http://www.ppk-kp3k.kkp.go.id/direktori-pulau/index.php/public_c/pulau_info/668
745,Sorobuna,"",SUMATERA UTARA,Kab. NIAS SELATAN,Hibala,"","-0.28694444444444445,98.49",http://www.ppk-kp3k.kkp.go.id/direktori-pulau/index.php/public_c/pulau_info/745
669,Batuapi  Sideide,"",SUMATERA UTARA,Kab. NIAS SELATAN,Hibala,"","0.3055555555555555,98.40777777777778",http://www.ppk-kp3k.kkp.go.id/direktori-pulau/index.php/public_c/pulau_info/669
670,Batumakele,"",SUMATERA UTARA,Kab. NIAS SELATAN,Pulau - pulau Batu,"","-0.06527777777777778,98.30083333333333",http://www.ppk-kp3k.kkp.go.id/direktori-pulau/index.php/public_c/pulau_info/670
671,Batumandi,"",SUMATERA UTARA,Kab. NIAS SELATAN,Pulau - pulau Batu,"","0.5761111111111111,97.69638888888889",http://www.ppk-kp3k.kkp.go.id/direktori-pulau/index.php/public_c/pulau_info/671
747,Tagaga,"",SUMATERA UTARA,Kab. NIAS SELATAN,Pulau - pulau Batu,"","0.05388888888888889,98.21416666666667",http://www.ppk-kp3k.kkp.go.id/direktori-pulau/index.php/public_c/pulau_info/747
748,Tagawa Sideide,"",SUMATERA UTARA,Kab. NIAS SELATAN,Hibala,"","-0.3352777777777778,98.50777777777778",http://www.ppk-kp3k.kkp.go.id/direktori-pulau/index.php/public_c/pulau_info/748
672,Biang,"",SUMATERA UTARA,Kab. NIAS SELATAN,Pulau - pulau Batu,"","0.0575,98.23444444444445",http://www.ppk-kp3k.kkp.go.id/direktori-pulau/index.php/public_c/pulau_info/672
749,Tagawa Sebua,"",SUMATERA UTARA,Kab. NIAS SELATAN,Hibala,"","-0.3372222222222222,98.51194444444444",http://www.ppk-kp3k.kkp.go.id/direktori-pulau/index.php/public_c/pulau_info/749
673,Bintuang,"",SUMATERA UTARA,Kab. NIAS SELATAN,Pulau - pulau Batu,"","-0.10527777777777779,98.22444444444444",http://www.ppk-kp3k.kkp.go.id/direktori-pulau/index.php/public_c/pulau_info/673
750,Tanabala,"",SUMATERA UTARA,Kab. NIAS SELATAN,Hibala,"","-0.41500000000000004,98.4413888888889",http://www.ppk-kp3k.kkp.go.id/direktori-pulau/index.php/public_c/pulau_info/750
674,Boji,"",SUMATERA UTARA,Kab. NIAS SELATAN,Pulau - pulau Batu,"","0.6147222222222222,98.505",http://www.ppk-kp3k.kkp.go.id/direktori-pulau/index.php/public_c/pulau_info/674
675,Buni,"",SUMATERA UTARA,Kab. NIAS SELATAN,Pulau - Pulau Batu,"","-0.061111111111111116,98.32472222222222",http://www.ppk-kp3k.kkp.go.id/direktori-pulau/index.php/public_c/pulau_info/675
752,Tanahmasa,"",SUMATERA UTARA,Kab. NIAS SELATAN,Hibala,"","-0.14583333333333334,98.43972222222223",http://www.ppk-kp3k.kkp.go.id/direktori-pulau/index.php/public_c/pulau_info/752
676,Bunijikho,"",SUMATERA UTARA,Kab. NIAS SELATAN,Hibala,"","0.06472222222222222,98.46277777777777",http://www.ppk-kp3k.kkp.go.id/direktori-pulau/index.php/public_c/pulau_info/676
753,Tareba Sebua,"",SUMATERA UTARA,Kab. NIAS SELATAN,Hibala,"","-0.07055555555555555,98.59916666666666",http://www.ppk-kp3k.kkp.go.id/direktori-pulau/index.php/public_c/pulau_info/753
677,Gabaya,"",SUMATERA UTARA,Kab. NIAS SELATAN,Pulau - pulau Batu,"","-0.07472222222222222,98.35972222222222",http://www.ppk-kp3k.kkp.go.id/direktori-pulau/index.php/public_c/pulau_info/677
754,Tareba Seideide,"",SUMATERA UTARA,Kab. NIAS SELATAN,Hibala,"","-0.06611111111111112,98.61055555555555",http://www.ppk-kp3k.kkp.go.id/direktori-pulau/index.php/public_c/pulau_info/754
678,Hachina,"",SUMATERA UTARA,Kab. NIAS SELATAN,Pulau - pulau Batu,"","-0.05583333333333334,98.32555555555555",http://www.ppk-kp3k.kkp.go.id/direktori-pulau/index.php/public_c/pulau_info/678
679,Hayo,"",SUMATERA UTARA,Kab. NIAS SELATAN,Pulau - Pulau Batu,"","-0.0961111111111111,98.26166666666667",http://www.ppk-kp3k.kkp.go.id/direktori-pulau/index.php/public_c/pulau_info/679
756,Telotelo Sebua,"",SUMATERA UTARA,Kab. NIAS SELATAN,Pulau - pulau Batu,"","-0.21416666666666667,98.38666666666667",http://www.ppk-kp3k.kkp.go.id/direktori-pulau/index.php/public_c/pulau_info/756
680,Hibao Sebua,"",SUMATERA UTARA,Kab. NIAS SELATAN,Hibala,"","0.45611111111111113,98.51611111111112",http://www.ppk-kp3k.kkp.go.id/direktori-pulau/index.php/public_c/pulau_info/680
681,Hibao Sideide,"",SUMATERA UTARA,Kab. NIAS SELATAN,Hibala,"","0.4608333333333333,98.51916666666666",http://www.ppk-kp3k.kkp.go.id/direktori-pulau/index.php/public_c/pulau_info/681
758,Telotelo Sideide,"",SUMATERA UTARA,Kab. NIAS SELATAN,Pulau - pulau Batu,"","-0.19694444444444442,98.37277777777777",http://www.ppk-kp3k.kkp.go.id/direktori-pulau/index.php/public_c/pulau_info/758
682,Horasa,"",SUMATERA UTARA,Kab. NIAS SELATAN,Hibala,"","0.49722222222222223,98.5213888888889",http://www.ppk-kp3k.kkp.go.id/direktori-pulau/index.php/public_c/pulau_info/682
